{
    "medicom":{
       "Pharmacy":[
          {
             "Code":"ARIES",
             "Name":"ARIES",
             "Address":"346 pantheon road , egmore",
             "Contact":"4428193404",
             "Website":"www.aries.com",
             "Status":"",
             "Rating":"4.2"
          },
          {
             "Code":"PTN",
             "Name":"Periodic Table Now",
             "Address":"346 pantheon road , egmore",
             "Contact":"7748805122",
             "Website":"www.periodictablenow.com",
             "Status":"",
             "Rating":"3.6"
          },
          {
             "Code":"CONPHAR",
             "Name":"Concern pharma",
             "Address":"699/700 P.H Road, 14, 2nd floor kumbath complex, Chennai",
             "Contact":"4426641900",
             "Website":"Www.concernpharma.com",
             "Status":"",
             "Rating":"3.5"
          },
          {
             "Code":"SAN",
             "Name":"SANeFORCE",
             "Address":"Chennai",
             "Contact":"9841316719",
             "Website":"www.SANeFORCE.com",
             "Status":"",
             "Rating":"4.5"
          },
          {
             "Code":"MLYTE",
             "Name":"Microlyte",
             "Address":"No.31,palandi amman koil street,adambakkam chennai-600088",
             "Contact":"4464585960",
             "Website":"www.microlyte.com",
             "Status":"",
             "Rating":"2.2"
          },
          {
             "Code":"NILPTD",
             "Name":"NANDHINI INSULATIONS AND LININGS PRIVATE LIMITED",
             "Address":"63 BALAJI NAGAR MEHTA AVENUE PADIKUPPAM ROAD ANNA NAGAR WEST CHENNAI",
             "Contact":"26156663",
             "Website":"www.nilptd.com",
             "Status":"",
             "Rating":"4.8"
          },
          {
             "Code":"AXON",
             "Name":"Axon Drugs Pvt Ltd",
             "Address":"K- 95, 16th Street, K - Block, Annanagar East,",
             "Contact":"(44) 42171424",
             "Website":"www.axon.com",
             "Status":"",
             "Rating":"4.5"
          },
          {
             "Code":"ASTONS",
             "Name":"Astons Pharmacia Pvt Ltd",
             "Address":"No.2, S. R. P. Koil Street, 2nd Floor, Thiru-Vi-KA-Nagar, Perambur",
             "Contact":"7828193404",
             "Website":"www.astons.com",
             "Status":"",
             "Rating":"1.8"
          },
          {
             "Code":"AKAS",
             "Name":"Akas Medical Eqipment",
             "Address":"No.240/1, Periya Colony, Athipet,Ambattur",
             "Contact":"(44) 28111999",
             "Website":"www.akas.com",
             "Status":"",
             "Rating":"4.9"
          },
          {
             "Code":"AKAS",
             "Name":"Akas Medical Eqipment",
             "Address":"No.240/1, Periya Colony, Athipet,Ambattur",
             "Contact":"(44) 28111999",
             "Website":"www.akas.com",
             "Status":"",
             "Rating":"4.9"
          }
       ],
       "Medicine":[
          {
             "Name":"Lipitor",
             "Purpose":"Cholestrol lowering drug",
             "Availabity":""
          },
          {
             "Name":"Plavix",
             "Purpose":"To prevent Thrombosis",
             "Availabity":""
          },
          {
             "Name":"Nexium",
             "Purpose":"Reduce gastric acid",
             "Availabity":""
          },
          {
             "Name":"Zyprexa",
             "Purpose":"TO treat Bipolar Disorder",
             "Availabity":""
          },
          {
             "Name":"Singulair",
             "Purpose":"Treatment of Asthma",
             "Availabity":""
          },
          {
             "Name":"Aranesp",
             "Purpose":"Cancer Chemotherapy",
             "Availabity":""
          }
       ]
    }
 }